120401325X,
3998899561,
6073894996,Universal Car Dual Usb Charger
7532385086,
7887421268,HTC EVO 4G Android Cell Phone for Sprint
8199406933,RIM (OEM) BlackBerry Micro USB Folding Blade Travel Wall Charger
8288853439,
8288855504,Samsung Official OEM Car Charger for your EPIC 4G Phone Original Equipment and Manufacturer (DC 12 volt)
8288862993,
8288878881,"Samsung Galaxy S2 Phone OEM Official Travel USB Charger (Detachable, comes with OEM USB to Micro USB Cable)!"
878968897X,
9574442764,
9658231942,PowerBear® Samsung Galaxy S3 Rechargeable External Battery Case - Black (Go Beyond Your Power)
9658231950,
9819958431,
9861203192,Samsung Galaxy S2 (i9100) TPU Rubber Case - Black
9866137252,
9981724580,Blackberry 9530 STORM Charging USB 2.0 Data Cable for your Phone! This professional grade custom cable outperforms the original! (RIM)
9983744066,Palm PRE Charging USB 2.0 Data Cable for your Phone
9983798883,Motorola T505 Standard Wall Charger
9985039998,
9985537742,Samsung Galaxy S Charging USB 2.0 Data Cable for your Phone
998554627X,Retractable Charger Samsung Galaxy One Touch
9985612272,Samsung Original Genuine OEM 1850 mAh Battery for Samsung Galaxy S II 
9989375976,
B00001W0EQ,Plantronics Headset M175C for Mobile & Cordless Phones
B00001W0ET,Plantronics M110 Mobile Headband Headset (45628-51)
B00002X29G,Stanley 66-039 6-Piece Jewelers Precision Screwdriver Set
B00004WINT,Jabra EarGels - Clear (Discontinued by Manufacturer)
B000056PYW,Jabra EarBoom for phones with Universal 2.5mm Jack
B00006JPFU,Coby CA-747 Dual Position CD/MD/MP3 Cassette Adapter
B00009WCAP,Cellular Innovations A-BOOSTER Universal Cell Phone Antenna Booster
B0000AGRYX,
B0000AKAJL,Nokia BL-4C Li-Ion Battery for Nokia 5100/6100 Phones 
B0000ALPBP,Plantronics MX150 Flexible Boom Headset with 2.5 mm Plug 
B0000CEPC8,Plantronics CS50 900 MHz Wireless Office Headset System
B0000DYUZO,
B0000E3GWH,
B0000SX3BK,
B0000WZWSI,
B00013BL18,5 Piece International AC Plug Adapter Set for Europe; Middle East & Africa; Asia Pacific; South America; & South Pacific By Lenmar
B0001DVQNG,
B0001YX9ZI,
B000227PL8,
B00022NE6I,
B00022VUJ6,Jabra EarWave Boom with Universal 2.5mm connector
B000246XQE,
B0002DODYO,"Plantronics Online Busy Indicator Light (CS50, Voyager 510 compatible)"
B0002EOFFK,Wilson Electronics 12-inch Dual Band Magnet-Mount Antenna w/ FME Female Connector
B0002F7I94,
B0002G7WAI,BlackBerry 12V/24V Automotive Charger
B0002HBOMO,Handstand - Original Sticky Pad - 13810 - Black
B0002OKCXE,iGo Stowaway Ultra-Slim Bluetooth Keyboard for Blackberry and other PDA/ Handhelds
B0002SYC5O,Motorola Buds SF500 Universal Bluetooth Ear Bud Stereo Headset - Retail Packaging - White
B0002WRGH6,
B0002ZPJZO,
B0003RA29O,
B0004OPNTA,6 Pack Cell Phone and PDA Antenna Booster
B00063DKVC,
B000652QNS,"BoxWave Amazon Kindle Paperwhite ClearTouch Crystal Screen Protector (2 Pack) - Crystal Clear Clarity, Invisible Screen Guard Cover for the Kindle Paperwhite, Also Fits Kindle Touch, Kindle Keyboard, Kindle 4 / 4th Gen, Kindle 3 / 3rd Gen, Kindle 2"
B000659CF8,
B00069IQG0,
B0006B088W,
B0006B3QY0,
B0006DPT5M,
B0006FLA80,
B0006GFARG,
B0006HES2I,
B0006HP7NC,
B0006HTZ80,
B0006I2E1O,
B0006I2G3U,
B0006J419Q,
B0006JI3KY,
B00074V0JY,
B0007IOMOU,
B0007M8PGM,
B0007MAOOS,
B0007MGBMW,
B0007N08NO,
B0007NDBEW,
B0007PLXS6,
B0007UC5U6,
B0007W1K3C,
B0007W1K3C,
B0007W1K3C,
B0007W1K3C,
B0007W1K3C,
B0007W1K3C,
B0007WWAGI,
B00081GX8O,
B0008EUE7W,
B0008F6QE6,
B000982UY2,
B0009AU6W8,
B0009B0IX4,
B0009FCAJA,
B0009H2M1Y,
B0009MYS9S,
B0009RKGEO,
B0009SA35K,
B0009SHMUY,
B0009T8310,
B0009W8DKI,
B0009W8DL2,
B0009W8DLC,
B000A1329U,
B000ALY22Q,
B0000ALPBP,
B000AM8RQM,
B000AZ1LIK,
B000BBAKWQ,
B000BBCTJ8,
B000BBE9C8,
B000BD3210,
B000BDDSWS,
B000BFHEFI,
B000BHAUSE,
B000BPR2SW,
B000BYPFN2,
B000BYPLVI,
B000C12GH2,
B000C1CHVC,
B000C1DOU0,
B000CC9OJO,
B000CCQ1UE,
B000CORUSO,
B000CQXHOS,
B000CRQ7IU,
B000DLAMPO,
B000DZXIRY,
B000E1B3QK,
B000E6MJW2,
B000E7YSWK,
B000E84CQQ,
B000E93M4I,
B000E95OAI,
B000EFVGV8,
B000EGH00I,
B000EIXG7C,
B000ELOPZ6,
B000ELUXIO,
B000EM0WGG,
B000EM2O2G,
B000EM8REU,
B000EYTBOS,
B000F4A038,
B000F7VBUQ,
B000FAQ6S0,
B000FE9CAK,
B000FFEH04,
B000FFLYBY,
B000FHBEFS,
B000FJ20CM,
B000FL2DMC,
B000FL4GBI,
B000FL9QGI,
B000FOM68A,
B000FSJYQ8,
B000FTG6EA,
B000FYU4SO,
B000FYUYT8,
B000G2TLIO,
B000G7LWRM,
B000GAO9T2,
B000GAZPZE,
B000GJS3YK,
B000GUDPDI,
B000GUKT9Q,
B000GX9D9K,
B000GZ0BVC,
B000H13M2K,
B000H2451G,
B000HBIUNG,
B000HBMP82,
B000HBMP9Q,
B000HBPMVY,
B000HD79J0,
B000HDTXDA,
B000HHD5TE,
B000HJC56G,
B000HZZIGO,
B000I4H1J6,
B000I8ACMU,
B000I8FXYW,
B000IEB00W,
B000IEDI66,
B000IN1ZPI,
B000IN5ZHM,
B000IVDI4Q,
B000IVEQYW,
B000J2XZ1K,
B000J4HCBM,
B000J4YU3A,
B000J6FWTO,
B000JD09P4,
B000JG7ZBM,
B000JHKU72,
B000JIJ5LI,
B000JKKE5M,
B000JL4Y3Y,
B000JLC3PK,
B000JLL14E,
B000JUQ3XY,
B000KBFX6K,
B000KI1T4S,
B000KK1MAC,
B000KKKI0M,
B000KNJEV8,
B000KNLG3M,
B000KNNKVS,
B000KZW7L0,
B000LJU5E6,
B000LMBJMA,
B000M92GLK,
B000MAT1I0,
B000MSDKHA,
B000NHXNCC,
B000NKCO5Q,
B000NLSGA2,
B000NNSCOU,
B000NVNEPE,
B000NWIU70,
B000O2X2OU,
B000O515T6,
B000O5GMCG,
B000OEMIZW,
B000P7LHDW,
B000PB8CQI,
B000PCCLPA,
B000PCCLPU,
B000PI17MM,
B000PIHG9U,
B000PIT02Q,
B000PQJDF2,
B000PYJ4NK,
B000PYRUT0,
B000Q5J2M6,
B000Q6R4MK,
B000Q9DX0O,
B000QDPUBK,
B000QGF8OQ,
B000QJ4Y5W,
B000QY9JRK,
B000QY9OL6,
B000RGF29Q,
B000ROGDNM,
B000ROO28K,
B000RUPEOA,
B000RYSU7O,
B000RZCI80,
B000RZFNN2,
B000S0B9ZC,
B000S5Q9CA,
B000S5VI8A,
B000SAD7RA,
B000SMXLYC,
B000SR19V4,
B000SZ9I0K,
B000SZ9IGO,
B000T1RU3A,
B000T4EPA8,
B000T4LFCO,
B000TFCBNU,
B000TGQHAW,
B000TLVMMA,
B000TUP97A,
B000TUWHFM,
B000U0LYHS,
B000U6QPFI,
B000UB65PI,
B000UBNFT2,
B000UC158O,
B000UDX7C0,
B000UERGYE,
B000UNNV5S,
B000UWDU5K,
B000UZVX92,
B000V6KD78,
B000V6R2OK,
B000V9W3WI,
B000VAPXBA,
B000VDATQ6,
B000VE585C,
B000VIT0WK,
B000VKUHWK,
B000VUGZIK,
B000VV9XZ6,
B000VVDEJ2,
B000W1PW96,
B000W79GQA,
B000WBIN88,
B000WHK3V2,
B000WJ528E,
B000WJ7ND6,
B000WJ8P38,
B000WKQ8LS,
B000WKS8QG,
B000WPDI2K,
B000WR81ZM,
B000XOK9VS,
B000XQGJUG,
B000XT3L7W,
B000Y1DQ4C,
B000Y87D2Q,
B000Y9CO7O,
B000YCAH8Y,
B000YE54F8,
B000YPKFHE,
B000YY5700,
B000ZRVCY6,
B0010OQ44G,
B0010Y3CR8,
B00110RN2G,
B0011G9LCU,
B0011GI94Q,
B0011WFERU,
B0011YO8S4,
B00128FLDU,
B0012J0O8G,
B0012J52OC,
B0012NRJSU,
B0012NVPTO,
B0012OP7HE,
B0012R6XRY,
B001321FX0,
B00135XU7Q,
B00136GT0U,
B0013A7KMW,
B0013G8PTS,
B0013KMG12,
B0013KSPRG,
B0013N3T7O,
B0013NUD2I,
B0013SMRPY,
B0013URK04,
B00140S7BO,
B0014BRUAM,
B0014KLFN6,
B0014KLX9C,
B0014KOB6Y,
B0014YJHNW,
B0014Z1B80,
B001539B7O,
B0000ALPBP,
